{
    "__meta__": {
        "version": [
            2,
            5
        ],
        "compiler": "https://github.com/p4lang/p4c-bm"
    },
    "header_types": [
        {
            "name": "standard_metadata_t",
            "id": 0,
            "fields": [
                [
                    "ingress_port",
                    9
                ],
                [
                    "packet_length",
                    32
                ],
                [
                    "egress_spec",
                    9
                ],
                [
                    "egress_port",
                    9
                ],
                [
                    "egress_instance",
                    32
                ],
                [
                    "instance_type",
                    32
                ],
                [
                    "clone_spec",
                    32
                ],
                [
                    "_padding",
                    5
                ]
            ],
            "length_exp": null,
            "max_length": null
        },
        {
            "name": "paco_head_t",
            "id": 1,
            "fields": [
                [
                    "pathlet_ids",
                    32
                ],
                [
                    "ori_etherType",
                    16
                ]
            ],
            "length_exp": null,
            "max_length": null
        },
        {
            "name": "cpu_header_t",
            "id": 2,
            "fields": [
                [
                    "device",
                    8
                ]
            ],
            "length_exp": null,
            "max_length": null
        },
        {
            "name": "ethernet_t",
            "id": 3,
            "fields": [
                [
                    "dstAddr",
                    48
                ],
                [
                    "srcAddr",
                    48
                ],
                [
                    "etherType",
                    16
                ]
            ],
            "length_exp": null,
            "max_length": null
        },
        {
            "name": "ipv4_t",
            "id": 4,
            "fields": [
                [
                    "version",
                    4
                ],
                [
                    "ihl",
                    4
                ],
                [
                    "diffserv",
                    8
                ],
                [
                    "totalLen",
                    16
                ],
                [
                    "identification",
                    16
                ],
                [
                    "flags",
                    3
                ],
                [
                    "fragOffset",
                    13
                ],
                [
                    "ttl",
                    8
                ],
                [
                    "protocol",
                    8
                ],
                [
                    "hdrChecksum",
                    16
                ],
                [
                    "srcAddr",
                    32
                ],
                [
                    "dstAddr",
                    32
                ]
            ],
            "length_exp": null,
            "max_length": null
        }
    ],
    "headers": [
        {
            "name": "standard_metadata",
            "id": 0,
            "header_type": "standard_metadata_t",
            "metadata": true
        },
        {
            "name": "paco_head",
            "id": 1,
            "header_type": "paco_head_t",
            "metadata": false
        },
        {
            "name": "cpu_header",
            "id": 2,
            "header_type": "cpu_header_t",
            "metadata": false
        },
        {
            "name": "ethernet",
            "id": 3,
            "header_type": "ethernet_t",
            "metadata": false
        },
        {
            "name": "ipv4",
            "id": 4,
            "header_type": "ipv4_t",
            "metadata": false
        }
    ],
    "header_stacks": [],
    "parsers": [
        {
            "name": "parser",
            "id": 0,
            "init_state": "start",
            "parse_states": [
                {
                    "name": "start",
                    "id": 0,
                    "parser_ops": [],
                    "transition_key": [
                        {
                            "type": "lookahead",
                            "value": [
                                0,
                                128
                            ]
                        }
                    ],
                    "transitions": [
                        {
                            "type": "hexstr",
                            "value": "0x00000000000000000000000000000000",
                            "mask": null,
                            "next_state": "parse_cpu_header"
                        },
                        {
                            "type": "default",
                            "value": null,
                            "mask": null,
                            "next_state": "parse_ethernet"
                        }
                    ]
                },
                {
                    "name": "parse_cpu_header",
                    "id": 1,
                    "parser_ops": [
                        {
                            "op": "extract",
                            "parameters": [
                                {
                                    "type": "regular",
                                    "value": "cpu_header"
                                }
                            ]
                        }
                    ],
                    "transition_key": [],
                    "transitions": [
                        {
                            "type": "default",
                            "value": null,
                            "mask": null,
                            "next_state": null
                        }
                    ]
                },
                {
                    "name": "parse_ethernet",
                    "id": 2,
                    "parser_ops": [
                        {
                            "op": "extract",
                            "parameters": [
                                {
                                    "type": "regular",
                                    "value": "ethernet"
                                }
                            ]
                        }
                    ],
                    "transition_key": [
                        {
                            "type": "field",
                            "value": [
                                "ethernet",
                                "etherType"
                            ]
                        }
                    ],
                    "transitions": [
                        {
                            "type": "hexstr",
                            "value": "0x0800",
                            "mask": null,
                            "next_state": "parse_ipv4"
                        },
                        {
                            "type": "hexstr",
                            "value": "0x0037",
                            "mask": null,
                            "next_state": "parse_paco"
                        }
                    ]
                },
                {
                    "name": "parse_ipv4",
                    "id": 3,
                    "parser_ops": [
                        {
                            "op": "extract",
                            "parameters": [
                                {
                                    "type": "regular",
                                    "value": "ipv4"
                                }
                            ]
                        }
                    ],
                    "transition_key": [],
                    "transitions": [
                        {
                            "type": "default",
                            "value": null,
                            "mask": null,
                            "next_state": null
                        }
                    ]
                },
                {
                    "name": "parse_paco",
                    "id": 4,
                    "parser_ops": [
                        {
                            "op": "extract",
                            "parameters": [
                                {
                                    "type": "regular",
                                    "value": "paco_head"
                                }
                            ]
                        }
                    ],
                    "transition_key": [],
                    "transitions": [
                        {
                            "type": "default",
                            "value": null,
                            "mask": null,
                            "next_state": null
                        }
                    ]
                }
            ]
        }
    ],
    "parse_vsets": [],
    "deparsers": [
        {
            "name": "deparser",
            "id": 0,
            "order": [
                "cpu_header",
                "ethernet",
                "paco_head",
                "ipv4"
            ]
        }
    ],
    "meter_arrays": [],
    "actions": [
        {
            "name": "ipv42paco",
            "id": 0,
            "runtime_data": [
                {
                    "name": "ids",
                    "bitwidth": 32
                },
                {
                    "name": "output_port",
                    "bitwidth": 9
                }
            ],
            "primitives": [
                {
                    "op": "add_header",
                    "parameters": [
                        {
                            "type": "header",
                            "value": "paco_head"
                        }
                    ]
                },
                {
                    "op": "modify_field",
                    "parameters": [
                        {
                            "type": "field",
                            "value": [
                                "paco_head",
                                "ori_etherType"
                            ]
                        },
                        {
                            "type": "field",
                            "value": [
                                "ethernet",
                                "etherType"
                            ]
                        }
                    ]
                },
                {
                    "op": "modify_field",
                    "parameters": [
                        {
                            "type": "field",
                            "value": [
                                "ethernet",
                                "etherType"
                            ]
                        },
                        {
                            "type": "hexstr",
                            "value": "0x37"
                        }
                    ]
                },
                {
                    "op": "modify_field",
                    "parameters": [
                        {
                            "type": "field",
                            "value": [
                                "paco_head",
                                "pathlet_ids"
                            ]
                        },
                        {
                            "type": "runtime_data",
                            "value": 0
                        }
                    ]
                },
                {
                    "op": "modify_field",
                    "parameters": [
                        {
                            "type": "field",
                            "value": [
                                "standard_metadata",
                                "egress_spec"
                            ]
                        },
                        {
                            "type": "runtime_data",
                            "value": 1
                        }
                    ]
                }
            ]
        },
        {
            "name": "pathlet_mid_forward",
            "id": 1,
            "runtime_data": [
                {
                    "name": "output_port",
                    "bitwidth": 9
                }
            ],
            "primitives": [
                {
                    "op": "modify_field",
                    "parameters": [
                        {
                            "type": "field",
                            "value": [
                                "standard_metadata",
                                "egress_spec"
                            ]
                        },
                        {
                            "type": "runtime_data",
                            "value": 0
                        }
                    ]
                }
            ]
        },
        {
            "name": "do_cpu_encap",
            "id": 2,
            "runtime_data": [
                {
                    "name": "device_id",
                    "bitwidth": 8
                }
            ],
            "primitives": [
                {
                    "op": "add_header",
                    "parameters": [
                        {
                            "type": "header",
                            "value": "cpu_header"
                        }
                    ]
                },
                {
                    "op": "modify_field",
                    "parameters": [
                        {
                            "type": "field",
                            "value": [
                                "cpu_header",
                                "device"
                            ]
                        },
                        {
                            "type": "runtime_data",
                            "value": 0
                        }
                    ]
                }
            ]
        },
        {
            "name": "copy2cpu",
            "id": 3,
            "runtime_data": [],
            "primitives": [
                {
                    "op": "clone_ingress_pkt_to_egress",
                    "parameters": [
                        {
                            "type": "hexstr",
                            "value": "0xfa"
                        },
                        {
                            "type": "hexstr",
                            "value": "0x1"
                        }
                    ]
                }
            ]
        },
        {
            "name": "forward",
            "id": 4,
            "runtime_data": [],
            "primitives": []
        },
        {
            "name": "pathlet_multi_forward",
            "id": 5,
            "runtime_data": [
                {
                    "name": "number",
                    "bitwidth": 32
                },
                {
                    "name": "new_ids",
                    "bitwidth": 32
                },
                {
                    "name": "output_port",
                    "bitwidth": 9
                }
            ],
            "primitives": [
                {
                    "op": "bit_and",
                    "parameters": [
                        {
                            "type": "field",
                            "value": [
                                "paco_head",
                                "pathlet_ids"
                            ]
                        },
                        {
                            "type": "field",
                            "value": [
                                "paco_head",
                                "pathlet_ids"
                            ]
                        },
                        {
                            "type": "hexstr",
                            "value": "0xffffff"
                        }
                    ]
                },
                {
                    "op": "shift_right",
                    "parameters": [
                        {
                            "type": "field",
                            "value": [
                                "paco_head",
                                "pathlet_ids"
                            ]
                        },
                        {
                            "type": "field",
                            "value": [
                                "paco_head",
                                "pathlet_ids"
                            ]
                        },
                        {
                            "type": "expression",
                            "value": {
                                "type": "expression",
                                "value": {
                                    "op": "*",
                                    "left": {
                                        "type": "hexstr",
                                        "value": "0x8"
                                    },
                                    "right": {
                                        "type": "local",
                                        "value": 0
                                    }
                                }
                            }
                        }
                    ]
                },
                {
                    "op": "bit_or",
                    "parameters": [
                        {
                            "type": "field",
                            "value": [
                                "paco_head",
                                "pathlet_ids"
                            ]
                        },
                        {
                            "type": "field",
                            "value": [
                                "paco_head",
                                "pathlet_ids"
                            ]
                        },
                        {
                            "type": "runtime_data",
                            "value": 1
                        }
                    ]
                },
                {
                    "op": "modify_field",
                    "parameters": [
                        {
                            "type": "field",
                            "value": [
                                "standard_metadata",
                                "egress_spec"
                            ]
                        },
                        {
                            "type": "runtime_data",
                            "value": 2
                        }
                    ]
                }
            ]
        },
        {
            "name": "pathlet_NULL_forward",
            "id": 6,
            "runtime_data": [
                {
                    "name": "output_port",
                    "bitwidth": 9
                }
            ],
            "primitives": [
                {
                    "op": "modify_field",
                    "parameters": [
                        {
                            "type": "field",
                            "value": [
                                "standard_metadata",
                                "egress_spec"
                            ]
                        },
                        {
                            "type": "runtime_data",
                            "value": 0
                        }
                    ]
                },
                {
                    "op": "modify_field",
                    "parameters": [
                        {
                            "type": "field",
                            "value": [
                                "ethernet",
                                "etherType"
                            ]
                        },
                        {
                            "type": "field",
                            "value": [
                                "paco_head",
                                "ori_etherType"
                            ]
                        }
                    ]
                },
                {
                    "op": "remove_header",
                    "parameters": [
                        {
                            "type": "header",
                            "value": "paco_head"
                        }
                    ]
                }
            ]
        },
        {
            "name": "pathlet_tail_forward",
            "id": 7,
            "runtime_data": [
                {
                    "name": "output_port",
                    "bitwidth": 9
                }
            ],
            "primitives": [
                {
                    "op": "modify_field",
                    "parameters": [
                        {
                            "type": "field",
                            "value": [
                                "standard_metadata",
                                "egress_spec"
                            ]
                        },
                        {
                            "type": "runtime_data",
                            "value": 0
                        }
                    ]
                },
                {
                    "op": "shift_left",
                    "parameters": [
                        {
                            "type": "field",
                            "value": [
                                "paco_head",
                                "pathlet_ids"
                            ]
                        },
                        {
                            "type": "field",
                            "value": [
                                "paco_head",
                                "pathlet_ids"
                            ]
                        },
                        {
                            "type": "hexstr",
                            "value": "0x8"
                        }
                    ]
                }
            ]
        },
        {
            "name": "next_hop",
            "id": 8,
            "runtime_data": [
                {
                    "name": "output_port",
                    "bitwidth": 9
                }
            ],
            "primitives": [
                {
                    "op": "modify_field",
                    "parameters": [
                        {
                            "type": "field",
                            "value": [
                                "standard_metadata",
                                "egress_spec"
                            ]
                        },
                        {
                            "type": "runtime_data",
                            "value": 0
                        }
                    ]
                }
            ]
        }
    ],
    "pipelines": [
        {
            "name": "ingress",
            "id": 0,
            "init_table": "_condition_0",
            "tables": [
                {
                    "name": "forward_ipv4",
                    "id": 0,
                    "match_type": "exact",
                    "type": "simple",
                    "max_size": 16384,
                    "with_counters": false,
                    "direct_meters": null,
                    "support_timeout": false,
                    "key": [
                        {
                            "match_type": "exact",
                            "target": [
                                "ipv4",
                                "srcAddr"
                            ],
                            "mask": null
                        },
                        {
                            "match_type": "exact",
                            "target": [
                                "ipv4",
                                "dstAddr"
                            ],
                            "mask": null
                        }
                    ],
                    "actions": [
                        "ipv42paco",
                        "next_hop",
                        "copy2cpu"
                    ],
                    "next_tables": {
                        "ipv42paco": null,
                        "next_hop": null,
                        "copy2cpu": null
                    },
                    "base_default_next": null
                },
                {
                    "name": "forward_paco",
                    "id": 1,
                    "match_type": "lpm",
                    "type": "simple",
                    "max_size": 16384,
                    "with_counters": false,
                    "direct_meters": null,
                    "support_timeout": false,
                    "key": [
                        {
                            "match_type": "lpm",
                            "target": [
                                "paco_head",
                                "pathlet_ids"
                            ],
                            "mask": null
                        }
                    ],
                    "actions": [
                        "pathlet_mid_forward",
                        "pathlet_tail_forward",
                        "pathlet_NULL_forward",
                        "pathlet_multi_forward",
                        "copy2cpu"
                    ],
                    "next_tables": {
                        "pathlet_mid_forward": "_condition_1",
                        "pathlet_tail_forward": "_condition_1",
                        "pathlet_NULL_forward": "_condition_1",
                        "pathlet_multi_forward": "_condition_1",
                        "copy2cpu": "_condition_1"
                    },
                    "base_default_next": "_condition_1"
                }
            ],
            "action_profiles": [],
            "conditionals": [
                {
                    "name": "_condition_0",
                    "id": 0,
                    "expression": {
                        "type": "expression",
                        "value": {
                            "op": "==",
                            "left": {
                                "type": "field",
                                "value": [
                                    "ethernet",
                                    "etherType"
                                ]
                            },
                            "right": {
                                "type": "hexstr",
                                "value": "0x37"
                            }
                        }
                    },
                    "true_next": "forward_paco",
                    "false_next": "_condition_1"
                },
                {
                    "name": "_condition_1",
                    "id": 1,
                    "expression": {
                        "type": "expression",
                        "value": {
                            "op": "==",
                            "left": {
                                "type": "field",
                                "value": [
                                    "ethernet",
                                    "etherType"
                                ]
                            },
                            "right": {
                                "type": "hexstr",
                                "value": "0x800"
                            }
                        }
                    },
                    "true_next": "forward_ipv4",
                    "false_next": null
                }
            ]
        },
        {
            "name": "egress",
            "id": 1,
            "init_table": "redirect",
            "tables": [
                {
                    "name": "redirect",
                    "id": 2,
                    "match_type": "exact",
                    "type": "simple",
                    "max_size": 16384,
                    "with_counters": false,
                    "direct_meters": null,
                    "support_timeout": false,
                    "key": [
                        {
                            "match_type": "exact",
                            "target": [
                                "standard_metadata",
                                "instance_type"
                            ],
                            "mask": null
                        }
                    ],
                    "actions": [
                        "forward",
                        "do_cpu_encap"
                    ],
                    "next_tables": {
                        "forward": null,
                        "do_cpu_encap": null
                    },
                    "base_default_next": null
                }
            ],
            "action_profiles": [],
            "conditionals": []
        }
    ],
    "calculations": [],
    "checksums": [],
    "learn_lists": [],
    "field_lists": [
        {
            "id": 1,
            "name": "copy2cpu_fields",
            "elements": [
                {
                    "type": "field",
                    "value": [
                        "standard_metadata",
                        "ingress_port"
                    ]
                },
                {
                    "type": "field",
                    "value": [
                        "standard_metadata",
                        "packet_length"
                    ]
                },
                {
                    "type": "field",
                    "value": [
                        "standard_metadata",
                        "egress_spec"
                    ]
                },
                {
                    "type": "field",
                    "value": [
                        "standard_metadata",
                        "egress_port"
                    ]
                },
                {
                    "type": "field",
                    "value": [
                        "standard_metadata",
                        "egress_instance"
                    ]
                },
                {
                    "type": "field",
                    "value": [
                        "standard_metadata",
                        "instance_type"
                    ]
                },
                {
                    "type": "field",
                    "value": [
                        "standard_metadata",
                        "clone_spec"
                    ]
                },
                {
                    "type": "field",
                    "value": [
                        "standard_metadata",
                        "_padding"
                    ]
                }
            ]
        }
    ],
    "counter_arrays": [],
    "register_arrays": [],
    "force_arith": [
        [
            "standard_metadata",
            "ingress_port"
        ],
        [
            "standard_metadata",
            "packet_length"
        ],
        [
            "standard_metadata",
            "egress_spec"
        ],
        [
            "standard_metadata",
            "egress_port"
        ],
        [
            "standard_metadata",
            "egress_instance"
        ],
        [
            "standard_metadata",
            "instance_type"
        ],
        [
            "standard_metadata",
            "clone_spec"
        ],
        [
            "standard_metadata",
            "_padding"
        ]
    ]
}